{"cameraMode":{"drawMode":0,"name":"Shaded","section":"Shading Mode"},"sceneLighting":true,"audioPlay":false,"sceneViewState":{"showFog":true,"showMaterialUpdate":false,"showSkybox":true,"showFlares":true,"showImageEffects":true,"showParticleSystems":true},"in2DMode":false,"pivot":{"x":1.8591904640197755,"y":0.7219723463058472,"z":9.979259490966797},"rotation":{"x":-0.36465731263160708,"y":0.3274528980255127,"z":-0.13875962793827058,"w":-0.860554575920105},"size":10.967798233032227,"orthographic":false}