{"cameraMode":{"drawMode":0,"name":"Shaded","section":"Shading Mode"},"sceneLighting":false,"audioPlay":false,"sceneViewState":{"showFog":true,"showMaterialUpdate":false,"showSkybox":false,"showFlares":true,"showImageEffects":true,"showParticleSystems":true},"in2DMode":false,"pivot":{"x":0.7799999713897705,"y":0.75,"z":11.82699966430664},"rotation":{"x":-0.004834230523556471,"y":0.9564988017082214,"z":-0.29149681329727175,"w":-0.015788059681653978},"size":2.473778009414673,"orthographic":false}