{"cameraMode":{"drawMode":0,"name":"Shaded","section":"Shading Mode"},"sceneLighting":true,"audioPlay":false,"sceneViewState":{"showFog":true,"showMaterialUpdate":false,"showSkybox":true,"showFlares":true,"showImageEffects":true,"showParticleSystems":true},"in2DMode":false,"pivot":{"x":6.221037864685059,"y":-0.646484375,"z":7.2891845703125},"rotation":{"x":0.7144529223442078,"y":0.007346121594309807,"z":-0.0075020380318164829,"w":0.6996048092842102},"size":11.317938804626465,"orthographic":true}